Hospital_Name_English,Hospital_Name_Arabic,Governorate_English,Governorate_Arabic,City_District,Full_Address,Type,Specialty
Ain Shams University Hospital,مستشفى عين شمس الجامعي,Cairo,القاهرة,Abbaseya,"Khalifa El-Maamoun St.,Abbaseya,Cairo",University,General
Cairo University Hospital (Qasr El Einy),مستشفى قصر العيني,Cairo,القاهرة,El-Sayeda Zeinab,"El-Sayeda Zeinab St.,Old Cairo",University,General
Al-Azhar University Hospital (Damerdash),مستشفى الأزهر الجامعي (دامرداش),Cairo,القاهرة,Nasr City,"Abbas El-Akkad St.,Nasr City",University,General
Nasser Institute Hospital,معهد ناصر,Cairo,القاهرة,Shoubra,"Ramses St.,Shoubra",Teaching,General
El Demerdash Hospital,مستشفى الدمرداش,Cairo,القاهرة,Abbaseya,"Khalifa El-Maamoun St.,Abbaseya",University,General
El Monira General Hospital,مستشفى المنيرة العام,Cairo,القاهرة,El-Monira,"El-Monira St.,Old Cairo",Public,General
El Sahel Teaching Hospital,مستشفى الساحل التعليمي,Cairo,القاهرة,El-Sahel,"El-Sahel St.,Shoubra",Teaching,General
El Matareya Teaching Hospital,مستشفى المطرية التعليمي,Cairo,القاهرة,El-Matareya,"El-Matareya St.,Public",Teaching,General
Heliopolis Hospital,مستشفى مصر الجديدة,Cairo,القاهرة,Heliopolis,"El-Nozha St.,Heliopolis",Public,General
Dar El Fouad Hospital,مستشفى دار الفؤاد,Cairo,القاهرة,6th October,6th October City,Private,General
Dar El Oyoun Hospital,مستشفى دار العيون,Cairo,القاهرة,Nasr City,"Abbas El-Akkad St.,Nasr City",Private,Ophthalmology
Wadi El Neel Hospital,مستشفى وادي النيل,Cairo,القاهرة,Maadi,"Port Said St.,Maadi",Private,General
El Nozha International Hospital,مستشفى النزهة الدولي,Cairo,القاهرة,El-Nozha,El-Nozha St.,Private,General
El Salam International Hospital,مستشفى السلام الدولي,Cairo,القاهرة,El-Mohandeseen,"26th July St.,Mohandeseen",Private,General
Andalusia Hospital,مستشفى أندلسية,Cairo,القاهرة,Maadi,"Nasr St.,Maadi",Private,General
Cleopatra Hospital,مستشفى كليوباترا,Cairo,القاهرة,Heliopolis,"Cleopatra St.,Heliopolis",Private,General
Al Shorouk Hospital,مستشفى الشروق,Cairo,القاهرة,El-Shorouk City,El-Shorouk City,Private,General
Badr Hospital (Helwan University),مستشفى بدر جامعة حلوان,Cairo,القاهرة,Helwan,"Helwan University Campus,Helwan",University,General
El Haram Hospital,مستشفى الهرم,Cairo,القاهرة,El-Haram,"El-Haram St.,Giza",Public,General
El Basateen Hospital,مستشفى البساتين,Cairo,القاهرة,El-Basateen,El-Basateen St.,Public,General
Abou El Reesh Children Hospital,مستشفى أبو الريش للأطفال,Cairo,القاهرة,El-Sayeda Zeinab,"El-Sayeda Zeinab St.,Old Cairo",University,Pediatrics
El Mounira Children Hospital,مستشفى المنيرة للأطفال,Cairo,القاهرة,El-Monira,El-Monira St.,University,Pediatrics
National Cancer Institute,المعهد القومي للأورام,Cairo,القاهرة,Fom El-Khalig,"Fom El-Khalig St.,Old Cairo",University,Oncology
Cairo Institute of Psychiatry,مستشفى الصحة النفسية بالعباسية,Cairo,القاهرة,Abbaseya,Abbaseya St.,Public,Psychiatry
El Helal Eye Hospital,مستشفى الهلال للعيون,Cairo,القاهرة,El-Daher,El-Daher St.,Public,Ophthalmology
El Galaa Military Hospital,مستشفى الجلاء العسكري,Cairo,القاهرة,El-Galaa,El-Galaa St.,Military,General
Maadi Military Hospital,مستشفى المعادي العسكري,Cairo,القاهرة,Maadi,Maadi St.,Military,General
Kobri El Kobba Military Hospital,مستشفى كوبري القبة العسكري,Cairo,القاهرة,Kobri El Kobba,Kobri El Kobba St.,Military,General
Air Force Hospital,مستشفى القوات الجوية,Cairo,القاهرة,Heliopolis,Heliopolis St.,Military,General
Police Hospital,مستشفى الشرطة,Cairo,القاهرة,Agouza,Agouza St.,Police,General
Railway Hospital,مستشفى السكة الحديد,Cairo,القاهرة,Ramses,Ramses St.,Public,General
El Husseiny Hospital,مستشفى الحسيني,Cairo,القاهرة,El-Sayeda Zeinab,El-Sayeda Zeinab St.,Public,General
El Zahraa University Hospital,مستشفى الزهراء الجامعي,Cairo,القاهرة,El-Abbaseya,El-Abbaseya St.,University,General
Saudi German Hospital Cairo,مستشفى سعودي جيرمان بالقاهرة,Cairo,القاهرة,Nasr City,Abbas El-Akkad St.,Private,General
El Borg Hospital,مستشفى البرج,Cairo,القاهرة,El-Mohandeseen,26th July St.,Private,General
Canadian Hospital,المستشفى الكندي,Cairo,القاهرة,Maadi,Maadi St.,Private,General
New Cairo Hospital,مستشفى القاهرة الجديدة,Cairo,القاهرة,New Cairo,New Cairo City,Public,General
El Marg Hospital,مستشفى المرج,Cairo,القاهرة,El-Marg,El-Marg St.,Public,General
El Khaleegy Hospital,مستشفى الخليجي,Cairo,القاهرة,Heliopolis,El-Khalifa St.,Private,General
Egyptian International Hospital,المستشفى المصري الدولي,Cairo,القاهرة,Nasr City,Nasr City,Private,General
Dr. Soliman Fakeeh Hospital Cairo,مستشفى الدكتور سليمان فقيه بالقاهرة,Cairo,القاهرة,New Cairo,New Cairo City,Private,General
Children's Cancer Hospital 57357,مستشفى سرطان الأطفال 57357,Cairo,القاهرة,El-Sayeda Zeinab,El-Sayeda Zeinab St.,Non-Profit,Oncology/Pediatrics
Kasr El Ainy French Hospital,المستشفى الفرنسي بقصر العيني,Cairo,القاهرة,El-Manial,El-Manial St.,University,General
El Manial University Hospital,مستشفى المنيل الجامعي,Cairo,القاهرة,El-Manial,El-Manial St.,University,General
El Moqattam Hospital,مستشفى المقطم,Cairo,القاهرة,El-Moqattam,El-Moqattam St.,Public,General
El Zawya El Hamra Hospital,مستشفى الزاوية الحمراء,Cairo,القاهرة,El-Zawya El-Hamra,El-Zawya El-Hamra St.,Public,General
Hadayek El Kobba Hospital,مستشفى حدائق القبة,Cairo,القاهرة,Hadayek El-Kobba,Hadayek El-Kobba St.,Public,General
El Salam Hospital (Meadi),مستشفى السلام بالمعادي,Cairo,القاهرة,Maadi,Maadi St.,Public,General
Tora Hospital,مستشفى طرة,Cairo,القاهرة,Tora,Tora St.,Public,General
Tora El Asmant Hospital,مستشفى طرة الأسمنت,Cairo,القاهرة,Tora,Tora St.,Public,General
El Maadi El Gideda Hospital,مستشفى المعادي الجديدة,Cairo,القاهرة,Maadi,Maadi St.,Public,General
Helwan General Hospital,مستشفى حلوان العام,Cairo,القاهرة,Helwan,Helwan St.,Public,General
Huckstep Military Hospital,مستشفى هكستب العسكري,Cairo,القاهرة,El-Nozha,El-Nozha St.,Military,General
El Qobba Palace Hospital,مستشفى القبة palace,Cairo,القاهرة,El-Qobba,El-Qobba St.,Public,General
Roden El Farag Hospital,مستشفى روض الفرج,Cairo,القاهرة,Roden El-Farag,Roden El-Farag St.,Public,General
Boulaq El Dakrour Hospital,مستشفى بولاق الدكرور,Cairo,القاهرة,Boulaq El-Dakrour,Boulaq El-Dakrour St.,Public,General
El Omraneya Hospital,مستشفى العمرانية,Cairo,القاهرة,El-Omraneya,El-Omraneya St.,Public,General
Bein El Sarayat Hospital,مستشفى بين السرايات,Cairo,القاهرة,Bein El-Sarayat,Bein El-Sarayat St.,Public,General
Kasr El Ainy New Teaching Hospital,مستشفى قصر العيني التعليمي الجديد,Cairo,القاهرة,El-Manial,El-Manial St.,University,Teaching
Ahmed Maher Teaching Hospital,مستشفى أحمد ماهر التعليمي,Cairo,القاهرة,Old Cairo,Old Cairo St.,Teaching,General
El Mokatam Medical City,مدينة المقطم الطبية,Cairo,القاهرة,El-Moqattam,El-Moqattam St.,Private,Medical Complex
Heliopolis Medical Center,المركز الطبي لمصر الجديدة,Cairo,القاهرة,Heliopolis,Heliopolis St.,Private,General
Cairo Scan Center,مركز القاهرة للاشعة,Cairo,القاهرة,El-Mohandeseen,26th July St.,Private,Diagnostic
JCI-Accredited International Hospital,المستشفى الدولي المعتمد,Cairo,القاهرة,New Cairo,New Cairo City,Private,General
Badrawy Hospital,مستشفى بدراوي,Cairo,القاهرة,El-Mohandeseen,26th July St.,Private,General
El Esraa Hospital,مستشفى الإسراء,Cairo,القاهرة,Heliopolis,Heliopolis St.,Private,General
El Hawary Hospital,مستشفى الهواري,Cairo,القاهرة,Heliopolis,Heliopolis St.,Private,General
Gammet El Tayaran Hospital,مستشفى جامع التيران,Cairo,القاهرة,Nasr City,Nasr City St.,Public,General
El Hayah Hospital,مستشفى الحياة,Cairo,القاهرة,Heliopolis,Heliopolis St.,Private,General
Ibn Sina Hospital,مستشفى ابن سينا,Cairo,القاهرة,Nasr City,Nasr City St.,Private,General
Misr Hospital,مستشفى مصر,Cairo,القاهرة,El-Mohandeseen,26th July St.,Private,General
El Nasr Hospital,مستشفى النصر,Cairo,القاهرة,Nasr City,Nasr City St.,Public,General
Olympia Hospital,مستشفى أولمبيا,Cairo,القاهرة,El-Mohandeseen,26th July St.,Private,General
Rehabilitation Hospital,مستشفى التأهيل,Cairo,القاهرة,Heliopolis,Heliopolis St.,Public,Rehabilitation
El Sadr Hospital,مستشفى الصدر,Cairo,القاهرة,Helwan,Helwan St.,Public,Chest
Fever Hospital (Abbaseya),مستشفى الحميات بالعباسية,Cairo,القاهرة,Abbaseya,Abbaseya St.,Public,Fever/Infectious
El Safa Hospital,مستشفى الصفا,Cairo,القاهرة,El-Haram,El-Haram St.,Private,General
International Eye Center,المركز الدولي للعيون,Cairo,القاهرة,Nasr City,Nasr City St.,Private,Ophthalmology
Magrabi Eye Hospital,مستشفى مغربي للعيون,Cairo,القاهرة,El-Dokki,El-Dokki St.,Private,Ophthalmology
Dr. Mahmoud Shopky Hospital,مستشفى الدكتور محمود شوبكي,Cairo,القاهرة,Heliopolis,Khalifa El-Maamoun St.,Private,Surgery
Cairo Specialized Hospital,مستشفى القاهرة التخصصي,Cairo,القاهرة,El-Dokki,El-Dokki St.,Private,Specialized
Egyptian Center for Heart and Chest,المركز المصري للقلب والصدر,Cairo,القاهرة,Nasr City,Nasr City St.,Specialized,Cardiology
National Heart Institute,المعهد القومي للقلب,Cairo,القاهرة,Imbaba,Imbaba St.,Public,Cardiology
National Institute of Laser,المعهد القومي لليزر,Cairo,القاهرة,El-Haram,El-Haram St.,University,Specialized
Saudi German Hospital Giza,مستشفى سعودي جيرمان بالجيزة,Giza,الجيزة,El-Haram,El-Haram St.,Private,General
Giza General Hospital,مستشفى الجيزة العام,Giza,الجيزة,Giza City,Giza St.,Public,General
Imbaba General Hospital,مستشفى إمبابة العام,Giza,الجيزة,Imbaba,Imbaba St.,Public,General
El Agouza Hospital,مستشفى العجوزة,Giza,الجيزة,El-Agouza,El-Agouza St.,Public,General
El Dokki Hospital,مستشفى الدقي,Giza,الجيزة,El-Dokki,El-Dokki St.,Public,General
6th October University Hospital,مستشفى جامعة 6 أكتوبر,Giza,الجيزة,6th October City,6th October University Campus,University,General
Cairo University Specialized Pediatric Hospital,مستشفى الأطفال التخصصي بجامعة القاهرة,Giza,الجيزة,El-Monira,El-Monira St.,University,Pediatrics
Egyptian German Hospital,المستشفى المصري الألماني,Giza,الجيزة,6th October City,6th October City,Private,General
Dorra Hospital,مستشفى درة,Giza,الجيزة,6th October City,6th October City,Private,General
Alfa Scan Hospital,مستشفى الفا سكان,Giza,الجيزة,6th October City,6th October City,Private,Diagnostic
El Safwa Hospital,مستشفى الصفوة,Giza,الجيزة,Sheikh Zayed City,Sheikh Zayed City,Private,General
Burj Al Arab Hospital,مستشفى برج العرب,Giza,الجيزة,6th October City,6th October City,Private,General
El Zohour Hospital,مستشفى الزهور,Giza,الجيزة,Imbaba,Imbaba St.,Public,General
Kerdasa Hospital,مستشفى كرداسة,Giza,الجيزة,Kerdasa,Kerdasa St.,Public,General
El Badrasheen Hospital,مستشفى البدرشين,Giza,الجيزة,El-Badrasheen,El-Badrasheen St.,Public,General
El Ayyat Hospital,مستشفى العياط,Giza,الجيزة,El-Ayyat,El-Ayyat St.,Public,General
El Hawamdeya Hospital,مستشفى الحوامدية,Giza,الجيزة,El-Hawamdeya,El-Hawamdeya St.,Public,General
El Saff Hospital,مستشفى الصف,Giza,الجيزة,El-Saff,El-Saff St.,Public,General
Atfeeh Hospital,مستشفى أطفيح,Giza,الجيزة,Atfeeh,Atfeeh St.,Public,General
El Warrak Hospital,مستشفى الوراق,Giza,الجيزة,El-Warrak,El-Warrak St.,Public,General
Moneeb Hospital,مستشفى منيب,Giza,الجيزة,Moneeb,Moneeb St.,Public,General
El Mansoureya Hospital,مستشفى المنصورية,Giza,الجيزة,El-Mansoureya,El-Mansoureya St.,Public,General
Abu Nomros Hospital,مستشفى أبو نمرس,Giza,الجيزة,Abu Nomros,Abu Nomros St.,Public,General
Sheikh Zayed Specialized Hospital,مستشفى الشيخ زايد التخصصي,Giza,الجيزة,Sheikh Zayed City,Sheikh Zayed City,Public,General
6th October Central Hospital,مستشفى 6 أكتوبر المركزي,Giza,الجيزة,6th October City,6th October City,Public,General
Ophthalmology Hospital Giza,مستشفى العيون بالجيزة,Giza,الجيزة,Imbaba,Imbaba St.,Public,Ophthalmology
Chest Hospital Giza,مستشفى الصدر بالجيزة,Giza,الجيزة,Imbaba,Imbaba St.,Public,Chest
Fever Hospital Giza,مستشفى الحميات بالجيزة,Giza,الجيزة,Imbaba,Imbaba St.,Public,Fever/Infectious
El Safa Hospital Giza,مستشفى الصفا بالجيزة,Giza,الجيزة,6th October City,6th October City,Private,General
Mena Hospital,مستشفى مينا,Giza,الجيزة,El-Haram,El-Haram St.,Private,General
El Tegara Hospital,مستشفى التجارة,Giza,الجيزة,Imbaba,Imbaba St.,Public,General
Alexandria University Hospital,مستشفى جامعة الإسكندرية,Alexandria,الإسكندرية,Azarita,Azarita St.,University,General
El Moassat Hospital,مستشفى المواساة,Alexandria,الإسكندرية,El-Moassat,El-Moassat St.,University,General
El Hadara University Hospital,مستشفى الحضرة الجامعي,Alexandria,الإسكندرية,El-Hadara,El-Hadara St.,University,General
El Shatby Hospital,مستشفى الشاطبي,Alexandria,الإسكندرية,El-Shatby,El-Shatby St.,University,General
El Qabbary Hospital,مستشفى القباري,Alexandria,الإسكندرية,El-Qabbary,El-Qabbary St.,Public,General
Karmouz Hospital,مستشفى كارموز,Alexandria,الإسكندرية,Karmouz,Karmouz St.,Public,General
El Mowasah Hospital,مستشفى المواساة,Alexandria,الإسكندرية,El-Mowasah,El-Mowasah St.,Public,General
Gamal Abdel Nasser Hospital,مستشفى جمال عبد الناصر,Alexandria,الإسكندرية,El-Mohatta,El-Mohatta St.,Public,General
El Safora Hospital,مستشفى الصفورة,Alexandria,الإسكندرية,El-Mandara,El-Mandara St.,Private,General
El Shefa Hospital,مستشفى الشفا,Alexandria,الإسكندرية,El-Raml Station,El-Raml Station St.,Private,General
Mersa Matrouh Hospital Alexandria,مستشفى مرسى مطروح بالإسكندرية,Alexandria,الإسكندرية,Al Agamy,Al Agamy St.,Private,General
Borg El Arab General Hospital,مستشفى برج العرب العام,Alexandria,الإسكندرية,Borg El Arab,Borg El Arab City,Public,General
Borg El Arab University Hospital,مستشفى برج العرب الجامعي,Alexandria,الإسكندرية,Borg El Arab,Borg El Arab City,University,General
El Amreya Hospital,مستشفى العامرية,Alexandria,الإسكندرية,El-Amreya,El-Amreya St.,Public,General
El Montazah Hospital,مستشفى المنتزة,Alexandria,الإسكندرية,El-Montazah,El-Montazah St.,Public,General
Ras El Tin Hospital,مستشفى رأس التين,Alexandria,الإسكندرية,Ras El Tin,Ras El Tin St.,Public,General
El Max Hospital,مستشفى المكس,Alexandria,الإسكندرية,El-Max,El-Max St.,Public,General
El Mandara Hospital,مستشفى المندرة,Alexandria,الإسكندرية,El-Mandara,El-Mandara St.,Public,General
El Maamoura Hospital,مستشفى المعمورة,Alexandria,الإسكندرية,El-Maamoura,El-Maamoura St.,Public,General
El Naserya Hospital,مستشفى الناصرية,Alexandria,الإسكندرية,El-Naserya,El-Naserya St.,Public,General
Adham Hospital,مستشفى أدهم,Alexandria,الإسكندرية,El-Mohatta,El-Mohatta St.,Private,General
Alexandria Chest Hospital,مستشفى الصدر بالإسكندرية,Alexandria,الإسكندرية,El-Hadara,El-Hadara St.,Public,Chest
Alexandria Fever Hospital,مستشفى الحميات بالإسكندرية,Alexandria,الإسكندرية,El-Hadara,El-Hadara St.,Public,Fever/Infectious
Alexandria Ophthalmic Hospital,مستشفى العيون بالإسكندرية,Alexandria,الإسكندرية,El-Hadara,El-Hadara St.,Public,Ophthalmology
Alexandria Mental Health Hospital,مستشفى الصحة النفسية بالإسكندرية,Alexandria,الإسكندرية,El-Hadara,El-Hadara St.,Public,Psychiatry
El Quds Hospital,مستشفى القدس,Alexandria,الإسكندرية,Sidi Gaber,Sidi Gaber St.,Private,General
Italian Hospital Alexandria,المستشفى الإيطالي بالإسكندرية,Alexandria,الإسكندرية,El-Azarita,El-Azarita St.,Private,General
Liver Institute Hospital,مستشفى معهد الكبد,Alexandria,الإسكندرية,El-Hadara,El-Hadara St.,University,Hepatology
Medical Research Institute,معهد البحوث الطبية,Alexandria,الإسكندرية,El-Hadara,El-Hadara St.,University,Research
Alexandria Pediatric Hospital,مستشفى الأطفال بالإسكندرية,Alexandria,الإسكندرية,El-Shatby,El-Shatby St.,University,Pediatrics
Women's Health Hospital Alexandria,مستشفى صحة المرأة بالإسكندرية,Alexandria,الإسكندرية,El-Shatby,El-Shatby St.,University,OB/GYN
El Nafea Hospital,مستشفى النافع,Alexandria,الإسكندرية,El-Mandara,El-Mandara St.,Private,General
El Mex El Gedida Hospital,مستشفى المكس الجديدة,Alexandria,الإسكندرية,El-Max,El-Max St.,Public,General
Damanhour General Hospital,مستشفى دمنهور العام,Beheira,البحيرة,Damanhour,Damanhour City Center,Public,General
Damanhour Chest Hospital,مستشفى الصدر بدمنهور,Beheira,البحيرة,Damanhour,Damanhour City,Public,Chest
Damanhour Fever Hospital,مستشفى الحميات بدمنهور,Beheira,البحيرة,Damanhour,Damanhour City,Public,Fever/Infectious
Damanhour Eye Hospital,مستشفى العيون بدمنهور,Beheira,البحيرة,Damanhour,Damanhour City,Public,Ophthalmology
Damanhour Mental Health Hospital,مستشفى الصحة النفسية بدمنهور,Beheira,البحيرة,Damanhour,Damanhour City,Public,Psychiatry
Kafr El Dawar General Hospital,مستشفى كفر الدوار العام,Beheira,البحيرة,Kafr El Dawar,Kafr El Dawar City Center,Public,General
Kafr El Dawar Fever Hospital,مستشفى الحميات بكفر الدوار,Beheira,البحيرة,Kafr El Dawar,Kafr El Dawar City,Public,Fever/Infectious
Rashid General Hospital,مستشفى رشيد العام,Beheira,البحيرة,Rashid,Rashid City,Public,General
Edko Hospital,مستشفى إدكو,Beheira,البحيرة,Edko,Edko City,Public,General
Abu Hummus Hospital,مستشفى أبو حمص,Beheira,البحيرة,Abu Hummus,Abu Hummus City,Public,General
El Mahmoudiya Hospital,مستشفى المحمودية,Beheira,البحيرة,El Mahmoudiya,El Mahmoudiya City,Public,General
Etay El Baroud Hospital,مستشفى إيتاي البارود,Beheira,البحيرة,Etay El Baroud,Etay El Baroud City,Public,General
El Delengat Hospital,مستشفى الدلنجات,Beheira,البحيرة,El Delengat,El Delengat City,Public,General
Housh Eisa Hospital,مستشفى حوش عيسى,Beheira,البحيرة,Housh Eisa,Housh Eisa City,Public,General
Shubrakhit Hospital,مستشفى شبراخيت,Beheira,البحيرة,Shubrakhit,Shubrakhit City,Public,General
Kom Hamada Hospital,مستشفى كوم حمادة,Beheira,البحيرة,Kom Hamada,Kom Hamada City,Public,General
El Rahmania Hospital,مستشفى الرحمانية,Beheira,البحيرة,El Rahmania,El Rahmania City,Public,General
Badr City Hospital Beheira,مستشفى بدر بالبحيرة,Beheira,البحيرة,Badr City,Badr City,Public,General
Wadi El Natrun Hospital,مستشفى وادي النطرون,Beheira,البحيرة,Wadi El Natrun,Wadi El Natrun City,Public,General
El Nubareya Hospital,مستشفى النوبارية,Beheira,البحيرة,El Nubareya,El Nubareya City,Public,General
El Mahmoudiya Chest Hospital,مستشفى الصدر بالمحمودية,Beheira,البحيرة,El Mahmoudiya,El Mahmoudiya City,Public,Chest
Beheira University Hospital,مستشفى جامعة البحيرة,Beheira,البحيرة,Damanhour,Damanhour University Campus,University,General
Mansoura University Hospital,مستشفى جامعة المنصورة,Dakahlia,الدقهلية,Mansoura,Mansoura University Campus,University,General
Mansoura General Hospital,مستشفى المنصورة العام,Dakahlia,الدقهلية,Mansoura,Mansoura City Center,Public,General
Mansoura International Hospital,مستشفى المنصورة الدولي,Dakahlia,الدقهلية,Mansoura,Mansoura City,Private,General
Mansoura New General Hospital,مستشفى المنصورة الجديد العام,Dakahlia,الدقهلية,Mansoura,Mansoura City,Public,General
Mansoura Chest Hospital,مستشفى الصدر بالمنصورة,Dakahlia,الدقهلية,Mansoura,Mansoura City,Public,Chest
Mansoura Fever Hospital,مستشفى الحميات بالمنصورة,Dakahlia,الدقهلية,Mansoura,Mansoura City,Public,Fever/Infectious
Mansoura Eye Hospital,مستشفى العيون بالمنصورة,Dakahlia,الدقهلية,Mansoura,Mansoura City,Public,Ophthalmology
Mansoura Mental Health Hospital,مستشفى الصحة النفسية بالمنصورة,Dakahlia,الدقهلية,Mansoura,Mansoura City,Public,Psychiatry
Mansoura Pediatric Hospital,مستشفى الأطفال بالمنصورة,Dakahlia,الدقهلية,Mansoura,Mansoura University Campus,University,Pediatrics
Mansoura Urology Center,مركز المسالك البولية بالمنصورة,Dakahlia,الدقهلية,Mansoura,Mansoura University Campus,University,Urology
Mansoura Oncology Center,مركز الأورام بالمنصورة,Dakahlia,الدقهلية,Mansoura,Mansoura University Campus,University,Oncology
Mansoura Gastroenterology Center,مركز الجهاز الهضمي بالمنصورة,Dakahlia,الدقهلية,Mansoura,Mansoura University Campus,University,Gastroenterology
Mit Ghamr Hospital,مستشفى ميت غمر,Dakahlia,الدقهلية,Mit Ghamr,Mit Ghamr City Center,Public,General
Mit Ghamr Fever Hospital,مستشفى الحميات بميت غمر,Dakahlia,الدقهلية,Mit Ghamr,Mit Ghamr City,Public,Fever/Infectious
Aga Hospital,مستشفى أجا,Dakahlia,الدقهلية,Aga,Aga City,Public,General
El Senbellawein Hospital,مستشفى السنبلاوين,Dakahlia,الدقهلية,El Senbellawein,El Senbellawein City,Public,General
Dikirnis Hospital,مستشفى دكرنس,Dakahlia,الدقهلية,Dikirnis,Dikirnis City,Public,General
Belqas Hospital,مستشفى بلقاس,Dakahlia,الدقهلية,Belqas,Belqas City,Public,General
Manzala Hospital,مستشفى المنزلة,Dakahlia,الدقهلية,Manzala,Manzala City,Public,General
El Matareya Hospital Dakahlia,مستشفى المطرية بالدقهلية,Dakahlia,الدقهلية,El Matareya,El Matareya City,Public,General
Talkha Hospital,مستشفى طلخا,Dakahlia,الدقهلية,Talkha,Talkha City,Public,General
Bani Ubayd Hospital,مستشفى بني عبيد,Dakahlia,الدقهلية,Bani Ubayd,Bani Ubayd City,Public,General
El Gamaliya Hospital,مستشفى الجمالية,Dakahlia,الدقهلية,El Gamaliya,El Gamaliya City,Public,General
Sherbin Hospital,مستشفى شربين,Dakahlia,الدقهلية,Sherbin,Sherbin City,Public,General
Tamiya El Amdid Hospital,مستشفى تمي الأمديد,Dakahlia,الدقهلية,Tamiya El Amdid,Tamiya El Amdid City,Public,General
Nabaroh Hospital,مستشفى نبروه,Dakahlia,الدقهلية,Nabaroh,Nabaroh City,Public,General
Mansoura Nephrology Center,مركز الكلى بالمنصورة,Dakahlia,الدقهلية,Mansoura,Mansoura University Campus,University,Nephrology
Mansoura Dental Hospital,مستشفى الأسنان بالمنصورة,Dakahlia,الدقهلية,Mansoura,Mansoura University Campus,University,Dentistry
Mansoura Dermatology Hospital,مستشفى الجلدية بالمنصورة,Dakahlia,الدقهلية,Mansoura,Mansoura University Campus,University,Dermatology
Zagazig University Hospital,مستشفى جامعة الزقازيق,Sharqia,الشرقية,Zagazig,Zagazig University Campus,University,General
Zagazig General Hospital,مستشفى الزقازيق العام,Sharqia,الشرقية,Zagazig,Zagazig City Center,Public,General
Zagazig Chest Hospital,مستشفى الصدر بالزقازيق,Sharqia,الشرقية,Zagazig,Zagazig City,Public,Chest
Zagazig Fever Hospital,مستشفى الحميات بالزقازيق,Sharqia,الشرقية,Zagazig,Zagazig City,Public,Fever/Infectious
Zagazig Eye Hospital,مستشفى العيون بالزقازيق,Sharqia,الشرقية,Zagazig,Zagazig City,Public,Ophthalmology
Zagazig Mental Health Hospital,مستشفى الصحة النفسية بالزقازيق,Sharqia,الشرقية,Zagazig,Zagazig City,Public,Psychiatry
Belbeis General Hospital,مستشفى بلبيس العام,Sharqia,الشرقية,Belbeis,Belbeis City Center,Public,General
Belbeis Central Hospital,مستشفى بلبيس المركزي,Sharqia,الشرقية,Belbeis,Belbeis City,Public,General
Abu Hammad Hospital,مستشفى أبو حماد,Sharqia,الشرقية,Abu Hammad,Abu Hammad City,Public,General
Abu Kebir Hospital,مستشفى أبو كبير,Sharqia,الشرقية,Abu Kebir,Abu Kebir City,Public,General
Minya El Qamh Hospital,مستشفى منيا القمح,Sharqia,الشرقية,Minya El Qamh,Minya El Qamh City,Public,General
Faqous Hospital,مستشفى فاقوس,Sharqia,الشرقية,Faqous,Faqous City,Public,General
El Ibrahimiya Hospital,مستشفى الإبراهيمية,Sharqia,الشرقية,El Ibrahimiya,El Ibrahimiya City,Public,General
El Husseiniya Hospital,مستشفى الحسينية,Sharqia,الشرقية,El Husseiniya,El Husseiniya City,Public,General
Kafr Saqr Hospital,مستشفى كفر صقر,Sharqia,الشرقية,Kafr Saqr,Kafr Saqr City,Public,General
Awlad Saqr Hospital,مستشفى أولاد صقر,Sharqia,الشرقية,Awlad Saqr,Awlad Saqr City,Public,General
El Hehya Hospital,مستشفى ههيا,Sharqia,الشرقية,El Hehya,El Hehya City,Public,General
El Qenayat Hospital,مستشفى القنايات,Sharqia,الشرقية,El Qenayat,El Qenayat City,Public,General
Darb Negm Hospital,مستشفى ديرب نجم,Sharqia,الشرقية,Darb Negm,Darb Negm City,Public,General
Salamoun Hospital,مستشفى صلامون,Sharqia,الشرقية,Belbeis,Belbeis City,Public,General
Zagazig University Pediatric Hospital,مستشفى الأطفال بجامعة الزقازيق,Sharqia,الشرقية,Zagazig,Zagazig University Campus,University,Pediatrics
Zagazig Oncology Center,مركز الأورام بالزقازيق,Sharqia,الشرقية,Zagazig,Zagazig City,University,Oncology
Awlad Saqr Fever Hospital,مستشفى الحميات بأولاد صقر,Sharqia,الشرقية,Awlad Saqr,Awlad Saqr City,Public,Fever/Infectious
Faqous Fever Hospital,مستشفى الحميات بفاقوس,Sharqia,الشرقية,Faqous,Faqous City,Public,Fever/Infectious
Kafr Saqr Fever Hospital,مستشفى الحميات بكفر صقر,Sharqia,الشرقية,Kafr Saqr,Kafr Saqr City,Public,Fever/Infectious
Tanta University Hospital,مستشفى جامعة طنطا,Gharbia,الغربية,Tanta,Tanta University Campus,University,General
Tanta General Hospital,مستشفى طنطا العام,Gharbia,الغربية,Tanta,Tanta City Center,Public,General
Tanta Chest Hospital,مستشفى الصدر بطنطا,Gharbia,الغربية,Tanta,Tanta City,Public,Chest
Tanta Fever Hospital,مستشفى الحميات بطنطا,Gharbia,الغربية,Tanta,Tanta City,Public,Fever/Infectious
Tanta Eye Hospital,مستشفى العيون بطنطا,Gharbia,الغربية,Tanta,Tanta City,Public,Ophthalmology
Tanta Mental Health Hospital,مستشفى الصحة النفسية بطنطا,Gharbia,الغربية,Tanta,Tanta City,Public,Psychiatry
El Mahalla El Kobra General Hospital,مستشفى المحلة الكبرى العام,Gharbia,الغربية,El Mahalla El Kobra,El Mahalla El Kobra City Center,Public,General
El Mahalla Chest Hospital,مستشفى الصدر بالمحلة,Gharbia,الغربية,El Mahalla El Kobra,El Mahalla City,Public,Chest
El Mahalla Emergency Hospital,مستشفى الطوارئ بالمحلة,Gharbia,الغربية,El Mahalla El Kobra,El Mahalla City,Public,Emergency
Kafr El Zayat Hospital,مستشفى كفر الزيات,Gharbia,الغربية,Kafr El Zayat,Kafr El Zayat City,Public,General
Zeita Hospital,مستشفى زفتى,Gharbia,الغربية,Zeita,Zeita City,Public,General
El Santa Hospital,مستشفى السنطة,Gharbia,الغربية,El Santa,El Santa City,Public,General
Basyoun Hospital,مستشفى بسيون,Gharbia,الغربية,Basyoun,Basyoun City,Public,General
Samannoud Hospital,مستشفى سمنود,Gharbia,الغربية,Samannoud,Samannoud City,Public,General
Qotor Hospital,مستشفى قطور,Gharbia,الغربية,Qotor,Qotor City,Public,General
El Mahsama Hospital,مستشفى المحصمة,Gharbia,الغربية,El Mahalla,El Mahalla City,Public,General
Tanta University Pediatric Hospital,مستشفى الأطفال بجامعة طنطا,Gharbia,الغربية,Tanta,Tanta University Campus,University,Pediatrics
Tanta Oncology Center,مركز الأورام بطنطا,Gharbia,الغربية,Tanta,Tanta City,Public,Oncology
Shubra El Khima General Hospital,مستشفى شبرا الخيمة العام,Qalyubia,القليوبية,Shubra El Khima,Shubra El Khima City Center,Public,General
Banha University Hospital,مستشفى جامعة بنها,Qalyubia,القليوبية,Benha,Benha University Campus,University,General
Banha General Hospital,مستشفى بنها العام,Qalyubia,القليوبية,Benha,Benha City Center,Public,General
Banha Chest Hospital,مستشفى الصدر ببنها,Qalyubia,القليوبية,Benha,Benha City,Public,Chest
Banha Fever Hospital,مستشفى الحميات ببنها,Qalyubia,القليوبية,Benha,Benha City,Public,Fever/Infectious
Banha Eye Hospital,مستشفى العيون ببنها,Qalyubia,القليوبية,Benha,Benha City,Public,Ophthalmology
Qalyub Hospital,مستشفى قليوب,Qalyubia,القليوبية,Qalyub,Qalyub City,Public,General
El Qanater El Khayreya Hospital,مستشفى القناطر الخيرية,Qalyubia,القليوبية,El Qanater El Khayreya,El Qanater El Khayreya City,Public,General
El Khanka Hospital,مستشفى الخانكة,Qalyubia,القليوبية,El Khanka,El Khanka City,Public,General
Kafr Shokr Hospital,مستشفى كفر شكر,Qalyubia,القليوبية,Kafr Shokr,Kafr Shokr City,Public,General
Toukh Hospital,مستشفى طوخ,Qalyubia,القليوبية,Toukh,Toukh City,Public,General
Qaha Hospital,مستشفى قها,Qalyubia,القليوبية,Qaha,Qaha City,Public,General
El Obour Hospital,مستشفى العبور,Qalyubia,القليوبية,El Obour City,El Obour City,Public,General
Shebin El Kom University Hospital,مستشفى جامعة شبين الكوم,Monufia,المنوفية,Shebin El Kom,Shebin El Kom University Campus,University,General
Shebin El Kom General Hospital,مستشفى شبين الكوم العام,Monufia,المنوفية,Shebin El Kom,Shebin El Kom City Center,Public,General
Shebin El Kom Fever Hospital,مستشفى الحميات بشبين الكوم,Monufia,المنوفية,Shebin El Kom,Shebin El Kom City,Public,Fever/Infectious
Menouf General Hospital,مستشفى منوف العام,Monufia,المنوفية,Menouf,Menouf City,Public,General
Ashmoun Hospital,مستشفى أشمون,Monufia,المنوفية,Ashmoun,Ashmoun City,Public,General
El Bagour Hospital,مستشفى الباجور,Monufia,المنوفية,El Bagour,El Bagour City,Public,General
El Shohada Hospital,مستشفى الشهداء,Monufia,المنوفية,El Shohada,El Shohada City,Public,General
Tala Hospital,مستشفى تلا,Monufia,المنوفية,Tala,Tala City,Public,General
Quwesna Hospital,مستشفى قويسنا,Monufia,المنوفية,Quwesna,Quwesna City,Public,General
Sars El Lyan Hospital,مستشفى سرس الليان,Monufia,المنوفية,Sars El Lyan,Sars El Lyan City,Public,General
Berket El Sabe Hospital,مستشفى بركة السبع,Monufia,المنوفية,Berket El Sabe,Berket El Sabe City,Public,General
El Sadat City Hospital,مستشفى مدينة السادات,Monufia,المنوفية,El Sadat City,El Sadat City,Public,General
Kafr El Sheikh General Hospital,مستشفى كفر الشيخ العام,Kafr El Sheikh,كفر الشيخ,Kafr El Sheikh,Kafr El Sheikh City Center,Public,General
Kafr El Sheikh University Hospital,مستشفى جامعة كفر الشيخ,Kafr El Sheikh,كفر الشيخ,Kafr El Sheikh,Kafr El Sheikh University Campus,University,General
Kafr El Sheikh Chest Hospital,مستشفى الصدر بكفر الشيخ,Kafr El Sheikh,كفر الشيخ,Kafr El Sheikh,Kafr El Sheikh City,Public,Chest
Kafr El Sheikh Fever Hospital,مستشفى الحميات بكفر الشيخ,Kafr El Sheikh,كفر الشيخ,Kafr El Sheikh,Kafr El Sheikh City,Public,Fever/Infectious
Desouk General Hospital,مستشفى دسوق العام,Kafr El Sheikh,كفر الشيخ,Desouk,Desouk City Center,Public,General
Desouk Fever Hospital,مستشفى الحميات بدسوق,Kafr El Sheikh,كفر الشيخ,Desouk,Desouk City,Public,Fever/Infectious
El Burullus Hospital,مستشفى البرلس,Kafr El Sheikh,كفر الشيخ,El Burullus,El Burullus City,Public,General
Bella Hospital,مستشفى بيلا,Kafr El Sheikh,كفر الشيخ,Bella,Bella City,Public,General
El Hamool Hospital,مستشفى الحامول,Kafr El Sheikh,كفر الشيخ,El Hamool,El Hamool City,Public,General
Metoubas Hospital,مستشفى مطوبس,Kafr El Sheikh,كفر الشيخ,Metoubas,Metoubas City,Public,General
El Reiad Hospital,مستشفى الرياض,Kafr El Sheikh,كفر الشيخ,El Reiad,El Reiad City,Public,General
Sidi Salem Hospital,مستشفى سيدي سالم,Kafr El Sheikh,كفر الشيخ,Sidi Salem,Sidi Salem City,Public,General
Qaleen Hospital,مستشفى قلين,Kafr El Sheikh,كفر الشيخ,Qaleen,Qaleen City,Public,General
Fuwah Hospital,مستشفى فوه,Kafr El Sheikh,كفر الشيخ,Fuwah,Fuwah City,Public,General
Minya University Hospital,مستشفى جامعة المنيا,Minya,المنيا,Minya,Minya University Campus,University,General
Minya General Hospital,مستشفى المنيا العام,Minya,المنيا,Minya,Minya City Center,Public,General
Minya Chest Hospital,مستشفى الصدر بالمنيا,Minya,المنيا,Minya,Minya City,Public,Chest
Minya Fever Hospital,مستشفى الحميات بالمنيا,Minya,المنيا,Minya,Minya City,Public,Fever/Infectious
Minya Eye Hospital,مستشفى العيون بالمنيا,Minya,المنيا,Minya,Minya City,Public,Ophthalmology
Minya Mental Health Hospital,مستشفى الصحة النفسية بالمنيا,Minya,المنيا,Minya,Minya City,Public,Psychiatry
Malawi Hospital,مستشفى ملوي,Minya,المنيا,Malawi,Malawi City,Public,General
Abu Qurqas Hospital,مستشفى أبو قرقاص,Minya,المنيا,Abu Qirqas,Abu Qirqas City,Public,General
Samalout Hospital,مستشفى سمالوط,Minya,المنيا,Samalout,Samalout City,Public,General
Matay Hospital,مستشفى مطاي,Minya,المنيا,Matay,Matay City,Public,General
Deir Mawas Hospital,مستشفى دير مواس,Minya,المنيا,Deir Mawas,Deir Mawas City,Public,General
Maghagha Hospital,مستشفى مغاغة,Minya,المنيا,Maghagha,Maghagha City,Public,General
Beni Mazar Hospital,مستشفى بني مزار,Minya,المنيا,Beni Mazar,Beni Mazar City,Public,General
El Idwa Hospital,مستشفى العدوة,Minya,المنيا,El Idwa,El Idwa City,Public,General
Assiut University Hospital,مستشفى جامعة أسيوط,Assiut,أسيوط,Assiut,Assiut University Campus,University,General
Assiut General Hospital,مستشفى أسيوط العام,Assiut,أسيوط,Assiut,Assiut City Center,Public,General
Assiut Chest Hospital,مستشفى الصدر بأسيوط,Assiut,أسيوط,Assiut,Assiut City,Public,Chest
Assiut Fever Hospital,مستشفى الحميات بأسيوط,Assiut,أسيوط,Assiut,Assiut City,Public,Fever/Infectious
Assiut Eye Hospital,مستشفى العيون بأسيوط,Assiut,أسيوط,Assiut,Assiut City,Public,Ophthalmology
Assiut Mental Health Hospital,مستشفى الصحة النفسية بأسيوط,Assiut,أسيوط,Assiut,Assiut City,Public,Psychiatry
Assiut University Pediatric Hospital,مستشفى الأطفال بجامعة أسيوط,Assiut,أسيوط,Assiut,Assiut University Campus,University,Pediatrics
Assiut University Cardiac Hospital,مستشفى القلب بجامعة أسيوط,Assiut,أسيوط,Assiut,Assiut University Campus,University,Cardiology
Assiut Oncology Institute,معهد الأورام بأسيوط,Assiut,أسيوط,Assiut,Assiut University Campus,University,Oncology
Abu Tig Hospital,مستشفى أبو تيج,Assiut,أسيوط,Abu Tig,Abu Tig City,Public,General
El Badari Hospital,مستشفى البدارى,Assiut,أسيوط,El Badari,El Badari City,Public,General
Sahel Selim Hospital,مستشفى ساحل سليم,Assiut,أسيوط,Sahel Selim,Sahel Selim City,Public,General
El Qusiya Hospital,مستشفى القوصية,Assiut,أسيوط,El Qusiya,El Qusiya City,Public,General
Manfalout Hospital,مستشفى منفلوط,Assiut,أسيوط,Manfalout,Manfalout City,Public,General
Dayrout Hospital,مستشفى ديروط,Assiut,أسيوط,Dayrout,Dayrout City,Public,General
Sohag University Hospital,مستشفى جامعة سوهاج,Sohag,سوهاج,Sohag,Sohag University Campus,University,General
Sohag General Hospital,مستشفى سوهاج العام,Sohag,سوهاج,Sohag,Sohag City Center,Public,General
Sohag Chest Hospital,مستشفى الصدر بسوهاج,Sohag,سوهاج,Sohag,Sohag City,Public,Chest
Sohag Fever Hospital,مستشفى الحميات بسوهاج,Sohag,سوهاج,Sohag,Sohag City,Public,Fever/Infectious
Sohag Eye Hospital,مستشفى العيون بسوهاج,Sohag,سوهاج,Sohag,Sohag City,Public,Ophthalmology
Sohag Mental Health Hospital,مستشفى الصحة النفسية بسوهاج,Sohag,سوهاج,Sohag,Sohag City,Public,Psychiatry
Akhmim Hospital,مستشفى أخميم,Sohag,سوهاج,Akhmim,Akhmim City,Public,General
Tahta Hospital,مستشفى طهطا,Sohag,سوهاج,Tahta,Tahta City,Public,General
El Maragha Hospital,مستشفى المراغة,Sohag,سوهاج,El Maragha,El Maragha City,Public,General
El Balyana Hospital,مستشفى البلينا,Sohag,سوهاج,El Balyana,El Balyana City,Public,General
Dar El Salam Hospital,مستشفى دار السلام,Sohag,سوهاج,Dar El Salam,Dar El Salam City,Public,General
Gerga Hospital,مستشفى جرجا,Sohag,سوهاج,Gerga,Gerga City,Public,General
Sakulta Hospital,مستشفى ساقلتة,Sohag,سوهاج,Sakulta,Sakulta City,Public,General
El Minshah Hospital,مستشفى المنشأة,Sohag,سوهاج,El Minshah,El Minshah City,Public,General
Tema Hospital,مستشفى طما,Sohag,سوهاج,Tema,Tema City,Public,General
Beni Suef University Hospital,مستشفى جامعة بني سويف,Beni Suef,بني سويف,Beni Suef,Beni Suef University Campus,University,General
Beni Suef General Hospital,مستشفى بني سويف العام,Beni Suef,بني سويف,Beni Suef,Beni Suef City Center,Public,General
Beni Suef Chest Hospital,مستشفى الصدر ببني سويف,Beni Suef,بني سويف,Beni Suef,Beni Suef City,Public,Chest
Beni Suef Fever Hospital,مستشفى الحميات ببني سويف,Beni Suef,بني سويف,Beni Suef,Beni Suef City,Public,Fever/Infectious
Beni Suef Eye Hospital,مستشفى العيون ببني سويف,Beni Suef,بني سويف,Beni Suef,Beni Suef City,Public,Ophthalmology
El Fashn Hospital,مستشفى الفشن,Beni Suef,بني سويف,El Fashn,El Fashn City,Public,General
Beba Hospital,مستشفى ببا,Beni Suef,بني سويف,Beba,Beba City,Public,General
Naser Hospital Beni Suef,مستشفى ناصر ببني سويف,Beni Suef,بني سويف,Beni Suef,Beni Suef City,Public,General
El Wasta Hospital,مستشفى الواسطى,Beni Suef,بني سويف,El Wasta,El Wasta City,Public,General
Somosta Hospital,مستشفى سمسطا,Beni Suef,بني سويف,Somosta,Somosta City,Public,General
Ehnesia Hospital,مستشفى إهناسيا,Beni Suef,بني سويف,Ehnesia,Ehnesia City,Public,General
Fayoum University Hospital,مستشفى جامعة الفيوم,Fayoum,الفيوم,Fayoum,Fayoum University Campus,University,General
Fayoum General Hospital,مستشفى الفيوم العام,Fayoum,الفيوم,Fayoum,Fayoum City Center,Public,General
Fayoum Chest Hospital,مستشفى الصدر بالفيوم,Fayoum,الفيوم,Fayoum,Fayoum City,Public,Chest
Fayoum Fever Hospital,مستشفى الحميات بالفيوم,Fayoum,الفيوم,Fayoum,Fayoum City,Public,Fever/Infectious
Fayoum Eye Hospital,مستشفى العيون بالفيوم,Fayoum,الفيوم,Fayoum,Fayoum City,Public,Ophthalmology
Fayoum Mental Health Hospital,مستشفى الصحة النفسية بالفيوم,Fayoum,الفيوم,Fayoum,Fayoum City,Public,Psychiatry
Senuris Hospital,مستشفى سنورس,Fayoum,الفيوم,Senuris,Senuris City,Public,General
Tamia Hospital,مستشفى طامية,Fayoum,الفيوم,Tamia,Tamia City,Public,General
Abshaway Hospital,مستشفى أبشواي,Fayoum,الفيوم,Abshaway,Abshaway City,Public,General
Ibshawai Hospital,مستشفى إبشواي,Fayoum,الفيوم,Ibshawai,Ibshawai City,Public,General
Yusuf El Seddik Hospital,مستشفى يوسف الصديق,Fayoum,الفيوم,Yusuf El Seddik,Yusuf El Seddik City,Public,General
Qena University Hospital,مستشفى جامعة قنا,Qena,قنا,Qena,Qena University Campus,University,General
Qena General Hospital,مستشفى قنا العام,Qena,قنا,Qena,Qena City Center,Public,General
Qena Chest Hospital,مستشفى الصدر بقنا,Qena,قنا,Qena,Qena City,Public,Chest
Qena Fever Hospital,مستشفى الحميات بقنا,Qena,قنا,Qena,Qena City,Public,Fever/Infectious
Qena Eye Hospital,مستشفى العيون بقنا,Qena,قنا,Qena,Qena City,Public,Ophthalmology
Qus Hospital,مستشفى قوص,Qena,قنا,Qus,Qus City,Public,General
Naqada Hospital,مستشفى نقادة,Qena,قنا,Naqada,Naqada City,Public,General
Deshna Hospital,مستشفى دشنا,Qena,قنا,Deshna,Deshna City,Public,General
Farshut Hospital,مستشفى فرشوط,Qena,قنا,Farshut,Farshut City,Public,General
Abu Tesht Hospital,مستشفى أبو تشت,Qena,قنا,Abu Tesht,Abu Tesht City,Public,General
El Waqf Hospital,مستشفى الوقف,Qena,قنا,El Waqf,El Waqf City,Public,General
Nage Hammady Hospital,مستشفى نجع حمادي,Qena,قنا,Nage Hammady,Nage Hammady City,Public,General
Luxor University Hospital,مستشفى جامعة الأقصر,Luxor,الأقصر,Luxor,Luxor University Campus,University,General
Luxor General Hospital,مستشفى الأقصر العام,Luxor,الأقصر,Luxor,Luxor City Center,Public,General
Luxor International Hospital,مستشفى الأقصر الدولي,Luxor,الأقصر,Luxor,Luxor City,Private,General
Esna Hospital,مستشفى إسنا,Luxor,الأقصر,Esna,Esna City,Public,General
Armant Hospital,مستشفى أرمنت,Luxor,الأقصر,Armant,Armant City,Public,General
El Qarna Hospital,مستشفى القرنة,Luxor,الأقصر,El Qarna,El Qarna City,Public,General
El Bayadiya Hospital,مستشفى البياضية,Luxor,الأقصر,El Bayadiya,El Bayadiya City,Public,General
Luxor Fever Hospital,مستشفى الحميات بالأقصر,Luxor,الأقصر,Luxor,Luxor City,Public,Fever/Infectious
Aswan University Hospital,مستشفى جامعة أسوان,Aswan,أسوان,Aswan,Aswan University Campus,University,General
Aswan General Hospital,مستشفى أسوان العام,Aswan,أسوان,Aswan,Aswan City Center,Public,General
Aswan Chest Hospital,مستشفى الصدر بأسوان,Aswan,أسوان,Aswan,Aswan City,Public,Chest
Aswan Fever Hospital,مستشفى الحميات بأسوان,Aswan,أسوان,Aswan,Aswan City,Public,Fever/Infectious
Aswan Eye Hospital,مستشفى العيون بأسوان,Aswan,أسوان,Aswan,Aswan City,Public,Ophthalmology
Aswan Mental Health Hospital,مستشفى الصحة النفسية بأسوان,Aswan,أسوان,Aswan,Aswan City,Public,Psychiatry
Daraw Hospital,مستشفى دراو,Aswan,أسوان,Daraw,Daraw City,Public,General
Kom Ombo Hospital,مستشفى كوم أمبو,Aswan,أسوان,Kom Ombo,Kom Ombo City,Public,General
Edfu Hospital,مستشفى إدفو,Aswan,أسوان,Edfu,Edfu City,Public,General
Nasr El Nuba Hospital,مستشفى نصر النوبة,Aswan,أسوان,Nasr El Nuba,Nasr El Nuba City,Public,General
El Shallal Hospital,مستشفى الشلال,Aswan,أسوان,El Shallal,El Shallal City,Public,General
Port Said General Hospital,مستشفى بورسعيد العام,Port Said,بورسعيد,Port Said,Port Said City Center,Public,General
Port Said University Hospital,مستشفى جامعة بورسعيد,Port Said,بورسعيد,Port Said,Port Said University Campus,University,General
Port Said Chest Hospital,مستشفى الصدر ببورسعيد,Port Said,بورسعيد,Port Said,Port Said City,Public,Chest
Port Said Fever Hospital,مستشفى الحميات ببورسعيد,Port Said,بورسعيد,Port Said,Port Said City,Public,Fever/Infectious
Port Said Eye Hospital,مستشفى العيون ببورسعيد,Port Said,بورسعيد,Port Said,Port Said City,Public,Ophthalmology
El Zohour Hospital Port Said,مستشفى الزهور ببورسعيد,Port Said,بورسعيد,Port Said,Port Said City,Public,General
Port Fouad Hospital,مستشفى بورفؤاد,Port Said,بورسعيد,Port Fouad,Port Fouad City,Public,General
El Dawahy Hospital,مستشفى الضواحي,Port Said,بورسعيد,Port Said,Port Said City,Public,General
Port Said Oncology Center,مركز الأورام ببورسعيد,Port Said,بورسعيد,Port Said,Port Said City,Public,Oncology
Suez General Hospital,مستشفى السويس العام,Suez,السويس,Suez,Suez City Center,Public,General
Suez University Hospital,مستشفى جامعة السويس,Suez,السويس,Suez,Suez University Campus,University,General
Suez Chest Hospital,مستشفى الصدر بالسويس,Suez,السويس,Suez,Suez City,Public,Chest
Suez Fever Hospital,مستشفى الحميات بالسويس,Suez,السويس,Suez,Suez City,Public,Fever/Infectious
Suez Eye Hospital,مستشفى العيون بالسويس,Suez,السويس,Suez,Suez City,Public,Ophthalmology
Port Tawfik Hospital,مستشفى بورتوفيق,Suez,السويس,Port Tawfik,Port Tawfik City,Public,General
El Arbaeen Hospital,مستشفى الأربعين,Suez,السويس,El Arbaeen,El Arbaeen City,Public,General
El Ganayn Hospital,مستشفى الجناين,Suez,السويس,El Ganayn,El Ganayn City,Public,General
Suez Petroleum Hospital,مستشفى البترول بالسويس,Suez,السويس,Suez,Suez City,Private,Occupational
Ismailia General Hospital,مستشفى الإسماعيلية العام,Ismailia,الإسماعيلية,Ismailia,Ismailia City Center,Public,General
Suez Canal University Hospital,مستشفى جامعة قناة السويس,Ismailia,الإسماعيلية,Ismailia,Suez Canal University Campus,University,General
Ismailia Chest Hospital,مستشفى الصدر بالإسماعيلية,Ismailia,الإسماعيلية,Ismailia,Ismailia City,Public,Chest
Ismailia Fever Hospital,مستشفى الحميات بالإسماعيلية,Ismailia,الإسماعيلية,Ismailia,Ismailia City,Public,Fever/Infectious
Ismailia Eye Hospital,مستشفى العيون بالإسماعيلية,Ismailia,الإسماعيلية,Ismailia,Ismailia City,Public,Ophthalmology
El Tal El Kebir Hospital,مستشفى التل الكبير,Ismailia,الإسماعيلية,El Tal El Kebir,El Tal El Kebir City,Public,General
El Qantara Hospital,مستشفى القنطرة,Ismailia,الإسماعيلية,El Qantara,El Qantara City,Public,General
Fayed Hospital,مستشفى فايد,Ismailia,الإسماعيلية,Fayed,Fayed City,Public,General
Abu Sultan Hospital,مستشفى أبو سلطان,Ismailia,الإسماعيلية,Abu Sultan,Abu Sultan City,Public,General
El Qassasin Hospital,مستشفى القصاصين,Ismailia,الإسماعيلية,El Qassasin,El Qassasin City,Public,General
Damietta General Hospital,مستشفى دمياط العام,Damietta,دمياط,Damietta,Damietta City Center,Public,General
Damietta University Hospital,مستشفى جامعة دمياط,Damietta,دمياط,Damietta,Damietta University Campus,University,General
Damietta Chest Hospital,مستشفى الصدر بدمياط,Damietta,دمياط,Damietta,Damietta City,Public,Chest
Damietta Fever Hospital,مستشفى الحميات بدمياط,Damietta,دمياط,Damietta,Damietta City,Public,Fever/Infectious
Ras El Bar Hospital,مستشفى رأس البر,Damietta,دمياط,Ras El Bar,Ras El Bar City,Public,General
New Damietta Hospital,مستشفى دمياط الجديدة,Damietta,دمياط,New Damietta,New Damietta City,Public,General
Faraskour Hospital,مستشفى فارسكور,Damietta,دمياط,Faraskour,Faraskour City,Public,General
El Zarqa Hospital,مستشفى الزرقا,Damietta,دمياط,El Zarqa,El Zarqa City,Public,General
Kafr Saad Hospital,مستشفى كفر سعد,Damietta,دمياط,Kafr Saad,Kafr Saad City,Public,General
Damietta Oncology Center,مركز الأورام بدمياط,Damietta,دمياط,Damietta,Damietta City,Public,Oncology
Marsa Matrouh General Hospital,مستشفى مطروح العام,Matrouh,مطروح,Marsa Matrouh,Marsa Matrouh City Center,Public,General
Marsa Matrouh Fever Hospital,مستشفى الحميات بمطروح,Matrouh,مطروح,Marsa Matrouh,Marsa Matrouh City,Public,Fever/Infectious
Marsa Matrouh Chest Hospital,مستشفى الصدر بمطروح,Matrouh,مطروح,Marsa Matrouh,Marsa Matrouh City,Public,Chest
Marsa Matrouh Eye Hospital,مستشفى العيون بمطروح,Matrouh,مطروح,Marsa Matrouh,Marsa Matrouh City,Public,Ophthalmology
El Alamein Hospital,مستشفى العلمين,Matrouh,مطروح,El Alamein,El Alamein City,Public,General
Siwa Hospital,مستشفى سيوة,Matrouh,مطروح,Siwa,Siwa Oasis,Public,General
El Dabaa Hospital,مستشفى الضبعة,Matrouh,مطروح,El Dabaa,El Dabaa City,Public,General
El Negaila Hospital,مستشفى النجيلة,Matrouh,مطروح,El Negaila,El Negaila City,Public,General
Sidi Barrani Hospital,مستشفى سيدي براني,Matrouh,مطروح,Sidi Barrani,Sidi Barrani City,Public,General
El Salloum Hospital,مستشفى السلوم,Matrouh,مطروح,El Salloum,El Salloum City,Public,General
Hurghada General Hospital,مستشفى الغردقة العام,Red Sea,البحر الأحمر,Hurghada,Hurghada City Center,Public,General
Hurghada International Hospital,مستشفى الغردقة الدولي,Red Sea,البحر الأحمر,Hurghada,Hurghada City,Private,General
El Gouna Hospital,مستشفى الجونة,Red Sea,البحر الأحمر,El Gouna,El Gouna Resort,Private,General
Sahl Hasheesh Hospital,مستشفى سهل حشيش,Red Sea,البحر الأحمر,Sahl Hasheesh,Sahl Hasheesh Resort,Private,General
Safaga Hospital,مستشفى سفاجا,Red Sea,البحر الأحمر,Safaga,Safaga City,Public,General
Quseer Hospital,مستشفى القصير,Red Sea,البحر الأحمر,El Quseer,El Quseer City,Public,General
Marsa Alam Hospital,مستشفى مرسى علم,Red Sea,البحر الأحمر,Marsa Alam,Marsa Alam City,Public,General
Ras Gharib Hospital,مستشفى رأس غارب,Red Sea,البحر الأحمر,Ras Gharib,Ras Gharib City,Public,General
Shalateen Hospital,مستشفى الشلاتين,Red Sea,البحر الأحمر,Shalateen,Shalateen City,Public,General
Port Ghalib Hospital,مستشفى بورت غالب,Red Sea,البحر الأحمر,Port Ghalib,Port Ghalib Resort,Private,General
Hurghada Chest Hospital,مستشفى الصدر بالغردقة,Red Sea,البحر الأحمر,Hurghada,Hurghada City,Public,Chest
Hurghada Fever Hospital,مستشفى الحميات بالغردقة,Red Sea,البحر الأحمر,Hurghada,Hurghada City,Public,Fever/Infectious
El Kharga General Hospital,مستشفى الخارجة العام,New Valley,الوادي الجديد,El Kharga,El Kharga City Center,Public,General
El Dakhla Hospital,مستشفى الداخلة,New Valley,الوادي الجديد,El Dakhla,El Dakhla City,Public,General
El Farafra Hospital,مستشفى الفرافرة,New Valley,الوادي الجديد,El Farafra,El Farafra City,Public,General
El Baris Hospital,مستشفى باريس,New Valley,الوادي الجديد,El Baris,El Baris City,Public,General
Mut Hospital,مستشفى موط,New Valley,الوادي الجديد,Mut (Dakhla),Mut City,Public,General
New Valley Fever Hospital,مستشفى الحميات بالوادي الجديد,New Valley,الوادي الجديد,El Kharga,El Kharga City,Public,Fever/Infectious
El Kharga Chest Hospital,مستشفى الصدر بالخارجة,New Valley,الوادي الجديد,El Kharga,El Kharga City,Public,Chest
Al Arish General Hospital,مستشفى العريش العام,North Sinai,شمال سيناء,Al Arish,Al Arish City Center,Public,General
Al Arish Military Hospital,مستشفى العريش العسكري,North Sinai,شمال سيناء,Al Arish,Al Arish City,Military,General
Al Arish Chest Hospital,مستشفى الصدر بالعريش,North Sinai,شمال سيناء,Al Arish,Al Arish City,Public,Chest
Al Arish Fever Hospital,مستشفى الحميات بالعريش,North Sinai,شمال سيناء,Al Arish,Al Arish City,Public,Fever/Infectious
Sheikh Zuweid Hospital,مستشفى الشيخ زويد,North Sinai,شمال سيناء,Sheikh Zuweid,Sheikh Zuweid City,Public,General
Rafah Hospital,مستشفى رفح,North Sinai,شمال سيناء,Rafah,Rafah City,Public,General
Bir El Abd Hospital,مستشفى بئر العبد,North Sinai,شمال سيناء,Bir El Abd,Bir El Abd City,Public,General
Nakhl Hospital,مستشفى نخل,North Sinai,شمال سيناء,Nakhl,Nakhl City,Public,General
Sharm El Sheikh International Hospital,مستشفى شرم الشيخ الدولي,South Sinai,جنوب سيناء,Sharm El Sheikh,Sharm El Sheikh City,Private,General
Sharm El Sheikh General Hospital,مستشفى شرم الشيخ العام,South Sinai,جنوب سيناء,Sharm El Sheikh,Sharm El Sheikh City,Public,General
Dahab Hospital,مستشفى دهب,South Sinai,جنوب سيناء,Dahab,Dahab City,Public,General
Nuweiba Hospital,مستشفى نويبع,South Sinai,جنوب سيناء,Nuweiba,Nuweiba City,Public,General
Taba Hospital,مستشفى طابا,South Sinai,جنوب سيناء,Taba,Taba City,Public,General
Saint Catherine Hospital,مستشفى سانت كاترين,South Sinai,جنوب سيناء,Saint Catherine,Saint Catherine City,Public,General
El Tor Hospital,مستشفى الطور,South Sinai,جنوب سيناء,El Tor,El Tor City,Public,General
Abu Rudies Hospital,مستشفى أبو رديس,South Sinai,جنوب سيناء,Abu Rudies,Abu Rudies City,Public,General
Ras Sidr Hospital,مستشفى رأس سدر,South Sinai,جنوب سيناء,Ras Sidr,Ras Sidr City,Public,General
El Tur Fever Hospital,مستشفى الحميات بالطور,South Sinai,جنوب سيناء,El Tor,El Tor City,Public,Fever/Infectious
Sharm El Sheikh Dental Center,مركز أسنان شرم الشيخ,South Sinai,جنوب سيناء,Sharm El Sheikh,Sharm El Sheikh City,Public,Dentistry
Andalusia Hospital Maadi,?????? ??????? ???????,Cairo,???????,Maadi,"90 Nasr St.,Maadi,Cairo",Private,General
Andalusia Hospital Mohandeseen,?????? ??????? ?????????,Cairo,???????,Mohandeseen,"26th July St.,Mohandeseen,Cairo",Private,General
Andalusia Hospital Shorouk,?????? ??????? ??????,Cairo,???????,El Shorouk City,"El Shorouk City,Cairo",Private,General
Andalusia Hospital Sheikh Zayed,?????? ??????? ????? ????,Cairo,???????,Sheikh Zayed City,Sheikh Zayed City,Private,General
Dar El Fouad Hospital 6 October,?????? ??? ?????? 6 ??????,Cairo,???????,6th October City,6th October City,Private,Cardiology
Dar El Fouad Oncology Center,???? ??? ?????? ???????,Cairo,???????,6th October City,6th October City,Private,Oncology
Dar El Fouad Radiology Center,???? ??? ?????? ??????,Cairo,???????,6th October City,6th October City,Private,Radiology
Cairo Cardiac Center,???? ??????? ?????,Cairo,???????,Nasr City,Nasr City St.,Private,Cardiology
Egyptian Cardiology Center,?????? ?????? ?????,Cairo,???????,El-Mohandeseen,26th July St.,Private,Cardiology
National Research Centre Hospital,?????? ?????? ?????? ??????,Cairo,???????,El-Dokki,"El-Tahrir St.,El-Dokki",Research,General
El Azhar University Hospital (Assiut),?????? ?????? ??????? ??????,Assiut,?????,Assiut,Assiut University Campus,University,General
El Azhar University Hospital (Damietta),?????? ?????? ??????? ??????,Damietta,?????,Damietta,New Damietta City,University,General
El Azhar University Hospital (Qena),?????? ?????? ??????? ????,Qena,???,Qena,Qena City,University,General
Helwan University Hospital,?????? ????? ?????,Cairo,???????,Helwan,Helwan University Campus,University,General
Sadr El Maadi Hospital,?????? ??? ???????,Cairo,???????,Maadi,Maadi St.,Public,Chest
El Hay El Asher Hospital,?????? ???? ??????,Cairo,???????,10th of Ramadan City,10th of Ramadan City,Public,General
10th of Ramadan City Hospital,?????? ????? ?????? ?? ?????,Sharqia,???????,10th of Ramadan City,10th of Ramadan City,Public,General
Obour City Hospital,?????? ????? ??????,Qalyubia,?????????,El Obour City,El Obour City,Public,General
Badr City Hospital Cairo,?????? ??? ????????,Cairo,???????,Badr City,Badr City,Public,General
Abu Rawash Hospital,?????? ??? ????,Giza,??????,Abu Rawash,Abu Rawash,Public,General
Kerdasa Chest Hospital,?????? ????? ???????,Giza,??????,Kerdasa,Kerdasa St.,Public,Chest
Kerdasa Fever Hospital,?????? ??????? ???????,Giza,??????,Kerdasa,Kerdasa St.,Public,Fever/Infectious
Aswan University Hospital (New),?????? ????? ??????? ??????,Aswan,?????,Aswan,Aswan University New Campus,University,General
Kom Ombo Chest Hospital,?????? ????? ???? ????,Aswan,?????,Kom Ombo,Kom Ombo St.,Public,Chest
Edfu Fever Hospital,?????? ??????? ?????,Aswan,?????,Edfu,Edfu St.,Public,Fever/Infectious
Luxor Oncology Center,???? ??????? ???????,Luxor,??????,Luxor,Luxor City,Public,Oncology
Luxor Chest Hospital,?????? ????? ???????,Luxor,??????,Luxor,Luxor City,Public,Chest
Port Said Eye Hospital (New),?????? ?????? ?????? ????????,Port Said,???????,Port Said,Port Said City,Public,Ophthalmology
Suez Canal University Pediatric Hospital,?????? ??????? ?????? ???? ??????,Ismailia,???????????,Ismailia,Suez Canal University Campus,University,Pediatrics
Damietta New City Hospital,?????? ????? ????? ???????,Damietta,?????,New Damietta,New Damietta City,Public,General
New Valley Oncology Center,???? ??????? ??????? ??????,New Valley,?????? ??????,El Kharga,El Kharga City,Public,Oncology
Hurghada Private Hospital,?????? ??????? ?????,Red Sea,????? ??????,Hurghada,Hurghada City,Private,General
Sahl Hasheesh Medical Center,?????? ????? ???? ????,Red Sea,????? ??????,Sahl Hasheesh,Sahl Hasheesh Resort,Private,General
El Arish University Hospital,?????? ?????? ???????,North Sinai,???? ?????,Al Arish,Al Arish University Campus,University,General
Saint Catherine Emergency Center,???? ???? ?????? ???????,South Sinai,???? ?????,Saint Catherine,Saint Catherine City,Public,Emergency
Taba Medical Center,?????? ????? ?????,South Sinai,???? ?????,Taba,Taba City,Public,General
Fayoum Oncology Center,???? ??????? ???????,Fayoum,??????,Fayoum,Fayoum City,Public,Oncology
Beni Suef Oncology Center,???? ??????? ???? ????,Beni Suef,??? ????,Beni Suef,Beni Suef City,Public,Oncology
Sohag Oncology Center,???? ??????? ??????,Sohag,?????,Sohag,Sohag City,Public,Oncology
Minya Oncology Center,???? ??????? ???????,Minya,??????,Minya,Minya City,Public,Oncology
Gharbia Oncology Center,???? ????? ???????,Gharbia,???????,Tanta,Tanta City,Public,Oncology
Dakahlia Oncology Center,???? ????? ????????,Dakahlia,????????,Mansoura,Mansoura City,Public,Oncology
Qalyubia Oncology Center,???? ????? ?????????,Qalyubia,?????????,Benha,Benha City,Public,Oncology
Kafr El Sheikh Oncology Center,???? ????? ??? ?????,Kafr El Sheikh,??? ?????,Kafr El Sheikh,Kafr El Sheikh City,Public,Oncology
Al Rehab Medical Center,?????? ????? ???????,Cairo,???????,Al Rehab City,Al Rehab City,Private,Medical Complex
Madinaty Medical Center,?????? ????? ???????,Cairo,???????,Madinaty,Madinaty City,Private,Medical Complex
Tagamoa Medical Center,?????? ????? ???????,Cairo,???????,New Cairo,New Cairo City,Private,Medical Complex
El Rehab Specialized Hospital,?????? ?????? ???????,Cairo,???????,Al Rehab City,Al Rehab City,Private,Specialized
Madinaty Specialized Hospital,?????? ?????? ???????,Cairo,???????,Madinaty,Madinaty City,Private,Specialized
Alexandria Medical Center,?????? ????? ???????????,Alexandria,??????????,Azarita,Azarita St.,Private,General
Semouha Medical Center,?????? ????? ??????,Alexandria,??????????,Smouha,Smouha St.,Private,General
Louran Hospital,?????? ?????,Alexandria,??????????,Louran,Louran St.,Private,General
El Saraya Hospital,?????? ??????,Alexandria,??????????,El Saraya,El Saraya St.,Private,General
Zahraa El Maadi Hospital,?????? ????? ???????,Cairo,???????,Maadi,Maadi St.,Private,General
El Zaitoun Specialized Hospital,?????? ??????? ???????,Cairo,???????,El Zaitoun,El Zaitoun St.,Public,Specialized
Misr El Gideda Hospital,?????? ??? ???????,Cairo,???????,Misr El Gideda,Misr El Gideda St.,Public,General
Neurosurgery Institute,???? ????? ???? ????????,Cairo,???????,El-Sayeda Zeinab,El-Sayeda Zeinab St.,University,Neurosurgery
Plastic Surgery Institute,???? ??????? ?????????,Cairo,???????,El-Monira,El-Monira St.,University,Plastic Surgery
Orthopedic Institute,???? ??????,Cairo,???????,El-Haram,El-Haram St.,University,Orthopedics
National Nutrition Institute,?????? ?????? ???????,Cairo,???????,El-Haram,El-Haram St.,Public,Nutrition
National Liver Institute,?????? ?????? ?????,Monufia,????????,Shebin El Kom,Shebin El Kom University Campus,University,Hepatology
Mansoura Liver Center,???? ????? ?????????,Dakahlia,????????,Mansoura,Mansoura City,University,Hepatology
Mansoura Cardiac Center,???? ????? ?????????,Dakahlia,????????,Mansoura,Mansoura City,University,Cardiology
Tanta Chest Diseases Hospital,?????? ??????? ??????? ?????,Gharbia,???????,Tanta,Tanta City,Public,Chest
El Mahalla Oncology Center,???? ????? ??????,Gharbia,???????,El Mahalla,El Mahalla City,Public,Oncology
Banha Pediatric Hospital,?????? ??????? ?????,Qalyubia,?????????,Benha,Benha City,Public,Pediatrics
Aga Fever Hospital,?????? ??????? ????,Dakahlia,????????,Aga,Aga City,Public,Fever/Infectious
El Senbellawein Fever Hospital,?????? ??????? ???????????,Dakahlia,????????,El Senbellawein,El Senbellawein City,Public,Fever/Infectious
Manzala Chest Hospital,?????? ????? ????????,Dakahlia,????????,Manzala,Manzala City,Public,Chest
